"","Carb","RMSEP","bias","SEE","slope","intercept","R2"
"1","Ave.Fructose",0.956603769464069,-0.530674261882205,0.817721644810351,0.985,-0.45,0.771
"2","Ave.Glucose",1.00359215333823,-0.14638702164411,1.02006516547251,0.719,1.143,0.521
"3","Ave.Sucro",4.40088140860265,-2.44543812872932,3.75916806023534,1.012,-2.632,0.809
"4","Ave.Total",5.01308768742387,-2.64059184571429,4.37802679079674,0.975,-2.05,0.834
"5","Starch.y",3.2863269405865,-1.02130263967494,3.20919536379219,1.252,-6.284,0.845
"6","Total_Poly",2.90311753065649,-0.571110791121008,2.92438553242228,1.129,-1.281,0.896
"7","WSP.y",2.41924428200024,-0.54209028004874,2.42233518486562,1.083,1.477,0.867
