"","Carb","RMSEP","bias","SEE"
"1","Fructose.Eqn",2.38758895581991,-1.32473975734587,1.98639072394829
"2","Glucose.Eqn",1.43615887320493,-0.561657764152659,1.32179357536552
"3","Sucrose.Eqn",7.15087698018916,-4.92834109272297,5.18142771370208
"4","TotalSug.Eqn",11.1621867207422,-7.45810984385961,8.30498656626705
"5","Starch.Eqn",6.73729893155009,1.23947517601517,6.62238911310084
"6","TotalPoly.Eqn",4.21526263323942,-1.49339001324985,3.9419067759949
"7","WSP.Eqn",4.52232921238415,-2.50014231898366,3.76843718754695
