"Trait","Model","Threshold","Marker","Chrom","Position","Ref","Alt","Score","Effect"
"WSP.BLUP","general",5.53,"S4_37098643","4",37098643,0,1,6.04,NA
"WSP.BLUP","general",5.53,"S4_67071203","4",67071203,0,1,5.77,NA
"WSP.BLUP","general",5.53,"S4_136971414","4",136971414,0,1,6.33,NA
"WSP.BLUP","additive",5.1,"S1_193869846","1",193869846,0,1,6.07,0.928286267125683
"WSP.BLUP","additive",5.1,"S4_37098643","4",37098643,0,1,6.88,-2.41217816919661
"WSP.BLUP","additive",5.1,"S4_38028987","4",38028987,0,1,5.67,-1.98450349567241
"WSP.BLUP","additive",5.1,"S4_39543066","4",39543066,0,1,5.5,-1.91020159931438
"WSP.BLUP","additive",5.1,"S4_66559027","4",66559027,0,1,5.35,-2.66299084370031
"WSP.BLUP","additive",5.1,"S4_67071203","4",67071203,0,1,6.03,-2.95906010675422
"WSP.BLUP","additive",5.1,"S4_67143841","4",67143841,0,1,5.5,-2.91125045657266
"WSP.BLUP","additive",5.1,"S4_68796855","4",68796855,0,1,5.15,-2.62289392459738
"WSP.BLUP","additive",5.1,"S4_71854462","4",71854462,0,1,5.91,-2.88992797065253
"WSP.BLUP","additive",5.1,"S4_136971414","4",136971414,0,1,6.33,-3.13746477302722
"WSP.BLUP","additive",5.1,"S5_85235283","5",85235283,0,1,5.22,-3.02882348409255
