"Trait","Model","Threshold","Marker","Chrom","Position","Ref","Alt","Score","Effect"
"Sucrose.BLUP","diplo-general",4.69,"S1_9125134","1",9125134,0,1,5.71,NA
"Sucrose.BLUP","diplo-general",4.69,"S1_39748462","1",39748462,0,1,4.96,NA
"Sucrose.BLUP","diplo-general",4.69,"S1_258807641","1",258807641,0,1,6.28,NA
"Sucrose.BLUP","diplo-additive",4.23,"S1_9125134","1",9125134,0,1,6.54,1.54594823226861
"Sucrose.BLUP","diplo-additive",4.23,"S1_31249631","1",31249631,0,1,4.51,-0.664553994053524
"Sucrose.BLUP","diplo-additive",4.23,"S1_32582474","1",32582474,0,1,4.29,-0.703771902317899
"Sucrose.BLUP","diplo-additive",4.23,"S1_39748462","1",39748462,0,1,4.96,-1.96655142106619
"Sucrose.BLUP","diplo-additive",4.23,"S1_47989446","1",47989446,0,1,4.47,-3.8386569494034
"Sucrose.BLUP","diplo-additive",4.23,"S1_61623753","1",61623753,0,1,4.52,-0.739710743227573
"Sucrose.BLUP","diplo-additive",4.23,"S1_96623497","1",96623497,0,1,4.78,-2.37910786192282
"Sucrose.BLUP","diplo-additive",4.23,"S1_96623594","1",96623594,0,1,4.51,-2.05636846392898
"Sucrose.BLUP","diplo-additive",4.23,"S1_258807641","1",258807641,0,1,6.91,-1.47878082660433
"Sucrose.BLUP","diplo-additive",4.23,"S1_270982097","1",270982097,0,1,4.74,-2.4334534697577
"Sucrose.BLUP","diplo-additive",4.23,"S1_278192837","1",278192837,0,1,4.26,-1.02326330521979
"Sucrose.BLUP","diplo-additive",4.23,"S1_296849383","1",296849383,0,1,4.41,0.706785478375923
