"Marker","Chrom","Position","Model","R2","pval"
"S1_174374479","1",174374479,"general",0.000200193145449612,0.960267708551006
"S1_234771064","1",234771064,"general",0.0150208269490671,0.0466634822801084
"S2_221319689","2",221319689,"general",0.0125092956034625,0.0781512214326626
"S2_222219945","2",222219945,"general",0.02504598791478,0.00587877026101896
"S2_222675583","2",222675583,"general",0.00635151695681679,0.275192571560842
"S4_10804062","4",10804062,"general",0.00309583980475803,0.533722108990887
"S6_82399280","6",82399280,"general",9.32668210908982e-05,0.981289837416076
"S6_118302337","6",118302337,"general",0.00669053287181176,0.256818543176559
"S8_6804636","8",6804636,"general",0.0354939921356836,0.000663360764276419
"S2_221319689","2",221319689,"additive",2.22044604925031e-15,0.999999239077987
"S2_222219945","2",222219945,"additive",1.11022302462516e-15,0.999999461946885
"S2_222815113","2",222815113,"additive",0.0105522119494389,0.0381941733659797
"S2_232838742","2",232838742,"additive",0.0185791039080594,0.00585201801021504
"S6_82399280","6",82399280,"additive",6.77236045021345e-15,0.999998682044413
"S6_112368061","6",112368061,"additive",0.0374719331411222,8.39236506093802e-05
