"Marker","Chrom","Position","Model","R2","pval"
"S3_140125034","3",140125034,"general",0.00352323613129601,0.489331496479631
"S4_23190997","4",23190997,"general",0.0104084776880213,0.120180258825427
"S4_35133684","4",35133684,"general",0.00207140082705881,0.657116666387178
"S4_35577172","4",35577172,"general",0.0170408218424576,0.0307918042158735
"S4_67652853","4",67652853,"general",1.11022302462516e-15,0.999999999999773
"S4_71854462","4",71854462,"general",0.0186606151933794,0.022049253101164
"S4_75695119","4",75695119,"general",0.000813570272551023,0.848050550445892
"S4_76277210","4",76277210,"general",3.33066907387547e-15,0.999999999999318
"S4_77982471","4",77982471,"general",0.000884653549535153,0.835920613779712
"S4_146135080","4",146135080,"general",1.34336985979644e-14,0.999998136129334
"S4_163994489","4",163994489,"general",7.88258347483861e-15,0.999998576445264
"S5_212522433","5",212522433,"general",0.000563772466145251,0.892082985432458
"S3_140125034","3",140125034,"additive",8.99280649946377e-15,0.999998478155974
"S4_35133684","4",35133684,"additive",-1.11022302462516e-15,1
"S4_35577172","4",35577172,"additive",5.6621374255883e-15,0.999998796876658
"S4_46936174","4",46936174,"additive",0.00742702741887868,0.0822854799820865
"S4_54607612","4",54607612,"additive",0.00348541188842633,0.23438398544254
"S4_67652853","4",67652853,"additive",2.22044604925031e-15,0.999999239077987
"S4_71854462","4",71854462,"additive",5.6621374255883e-15,0.999998796876658
"S4_75695119","4",75695119,"additive",2.22044604925031e-15,0.999999239077987
"S4_76277190","4",76277190,"additive",0.00145892847536444,0.441917834093713
"S4_76277210","4",76277210,"additive",2.22044604925031e-15,0.999999239077987
"S4_77982471","4",77982471,"additive",1.23234755733392e-14,0.999998215479699
"S4_136967842","4",136967842,"additive",0.00377822430158914,0.215650955179629
"S4_146135080","4",146135080,"additive",1.01030295240889e-14,0.999998385840654
"S4_159193639","4",159193639,"additive",0.00612795884059314,0.114611130156461
"S4_163994489","4",163994489,"additive",6.77236045021345e-15,0.999998682044413
"S5_186795813","5",186795813,"additive",0.0081604870377604,0.0685019609884535
"S5_212522433","5",212522433,"additive",4.44089209850063e-15,0.999998923893769
"S8_170287066","8",170287066,"additive",0.0241962818570443,0.0016349259423523
"S10_126893460","10",126893460,"additive",0.0520041897410357,3.30794041640177e-06
