"Trait","Model","Threshold","Marker","Chrom","Position","Ref","Alt","Score","Effect"
"Starch.BLUP","general",5,"S1_45113462","1",45113462,0,1,5.24,NA
"Starch.BLUP","general",5,"S3_140125034","3",140125034,0,1,5.21,NA
"Starch.BLUP","general",5,"S4_23190997","4",23190997,0,1,5.71,NA
"Starch.BLUP","general",5,"S4_67652853","4",67652853,0,1,6.61,NA
"Starch.BLUP","general",5,"S4_71854462","4",71854462,0,1,5.51,NA
"Starch.BLUP","general",5,"S4_75695119","4",75695119,0,1,6.78,NA
"Starch.BLUP","general",5,"S4_76277190","4",76277190,0,1,5.46,NA
"Starch.BLUP","general",5,"S4_76277210","4",76277210,0,1,6.08,NA
"Starch.BLUP","general",5,"S4_77982471","4",77982471,0,1,7.55,NA
"Starch.BLUP","general",5,"S4_163994489","4",163994489,0,1,6.87,NA
"Starch.BLUP","general",5,"S5_186795813","5",186795813,0,1,5.06,NA
"Starch.BLUP","general",5,"S5_212522433","5",212522433,0,1,6.6,NA
"Starch.BLUP","additive",5.06,"S3_140125034","3",140125034,0,1,5.99,3.05402219237834
"Starch.BLUP","additive",5.06,"S4_36516148","4",36516148,0,1,5.2,2.89655791512425
"Starch.BLUP","additive",5.06,"S4_67652853","4",67652853,0,1,7.47,3.14270964264782
"Starch.BLUP","additive",5.06,"S4_71854462","4",71854462,0,1,6.34,2.89443997475064
"Starch.BLUP","additive",5.06,"S4_75695119","4",75695119,0,1,7.64,3.32468574302075
"Starch.BLUP","additive",5.06,"S4_76277190","4",76277190,0,1,6.24,2.23407063951831
"Starch.BLUP","additive",5.06,"S4_76277210","4",76277210,0,1,6.92,2.88564053799075
"Starch.BLUP","additive",5.06,"S4_77982471","4",77982471,0,1,8.03,2.9021063680791
"Starch.BLUP","additive",5.06,"S4_159193639","4",159193639,0,1,5.3,2.05699692940217
"Starch.BLUP","additive",5.06,"S4_163994489","4",163994489,0,1,6.87,3.5696670776112
"Starch.BLUP","additive",5.06,"S5_186795813","5",186795813,0,1,5.87,2.40065577179712
"Starch.BLUP","additive",5.06,"S5_212522433","5",212522433,0,1,7.45,2.32097363402573
"Starch.BLUP","additive",5.06,"S8_170287066","8",170287066,0,1,5.25,-1.46455511235374
