"Trait","Model","Threshold","Marker","Chrom","Position","Ref","Alt","Score","Effect"
"Starch.BLUP","general",5.2,"S4_35577172","4",35577172,0,1,5.53,NA
"Starch.BLUP","general",5.2,"S4_75695119","4",75695119,0,1,5.29,NA
"Starch.BLUP","general",5.2,"S4_76277190","4",76277190,0,1,5.67,NA
"Starch.BLUP","general",5.2,"S4_76277210","4",76277210,0,1,6.92,NA
"Starch.BLUP","general",5.2,"S4_77982471","4",77982471,0,1,7.73,NA
"Starch.BLUP","general",5.2,"S4_144532470","4",144532470,0,1,6.01,NA
"Starch.BLUP","general",5.2,"S4_154047619","4",154047619,0,1,5.55,NA
"Starch.BLUP","general",5.2,"S4_163994489","4",163994489,0,1,6,NA
"Starch.BLUP","additive",4.78,"S4_35577172","4",35577172,0,1,5.83,2.49193686315283
"Starch.BLUP","additive",4.78,"S4_37012617","4",37012617,0,1,5.33,2.4193477545158
"Starch.BLUP","additive",4.78,"S4_46936174","4",46936174,0,1,5.51,1.91232037818386
"Starch.BLUP","additive",4.78,"S4_71280111","4",71280111,0,1,4.87,2.2949894182523
"Starch.BLUP","additive",4.78,"S4_71854462","4",71854462,0,1,5.25,2.61630608805373
"Starch.BLUP","additive",4.78,"S4_75695119","4",75695119,0,1,6.1,2.73162613086748
"Starch.BLUP","additive",4.78,"S4_76277190","4",76277190,0,1,6.49,2.20977108301688
"Starch.BLUP","additive",4.78,"S4_76277210","4",76277210,0,1,7.65,2.83950743953284
"Starch.BLUP","additive",4.78,"S4_77982471","4",77982471,0,1,8.33,2.7951834220859
"Starch.BLUP","additive",4.78,"S4_144532470","4",144532470,0,1,6.61,3.43644665332312
"Starch.BLUP","additive",4.78,"S4_154047619","4",154047619,0,1,5.23,3.35816458229209
"Starch.BLUP","additive",4.78,"S4_159725793","4",159725793,0,1,4.91,2.2848677079165
"Starch.BLUP","additive",4.78,"S4_163994489","4",163994489,0,1,6,3.10756502850325
"Starch.BLUP","additive",4.78,"S5_167587029","5",167587029,0,1,5.29,2.24184961100866
"Starch.BLUP","additive",4.78,"S5_186795813","5",186795813,0,1,4.9,2.2246012411828
"Starch.BLUP","additive",4.78,"S5_212522433","5",212522433,0,1,5.73,2.06738295944723
"Starch.BLUP","additive",4.78,"S8_170287066","8",170287066,0,1,5.1,-1.48294613324143
"Starch.BLUP","additive",4.78,"S10_126893460","10",126893460,0,1,5.46,1.64267737668226
