"Marker","Chrom","Position","Model","R2","pval"
"S1_52091347","1",52091347,"general",0.0635984886257542,1.66370553822856e-06
"S1_193869846","1",193869846,"general",0.0463888818379925,6.64797593369734e-05
