"Trait","Model","Threshold","Marker","Chrom","Position","Ref","Alt","Score","Effect"
"WSP.BLUP","diplo-general",5.06,"S1_211617529","1",211617529,0,1,5.75,NA
"WSP.BLUP","diplo-additive",4.47,"S1_5006696","1",5006696,0,1,4.52,0.136535254533361
"WSP.BLUP","diplo-additive",4.47,"S1_5747337","1",5747337,0,1,4.54,0.140541531219118
"WSP.BLUP","diplo-additive",4.47,"S1_7162859","1",7162859,0,1,4.94,0.112361781275927
"WSP.BLUP","diplo-additive",4.47,"S1_211617529","1",211617529,0,1,6.13,0.25392647965069
"WSP.BLUP","diplo-additive",4.47,"S1_222403123","1",222403123,0,1,4.84,0.546064450934832
"WSP.BLUP","diplo-additive",4.47,"S1_222403157","1",222403157,0,1,4.84,0.546064450934832
"WSP.BLUP","diplo-additive",4.47,"S1_293157854","1",293157854,0,1,4.76,0.107197744547713
