"Trait","Model","Threshold","Marker","Chrom","Position","Ref","Alt","Score","Effect"
"WSP.BLUP","general",5.42,"S4_37098643","4",37098643,0,1,6.9,NA
"WSP.BLUP","general",5.42,"S4_39543066","4",39543066,0,1,7.23,NA
"WSP.BLUP","general",5.42,"S4_39599205","4",39599205,0,1,7.19,NA
"WSP.BLUP","additive",5.28,"S4_37098643","4",37098643,0,1,7.65,-2.03835928078926
"WSP.BLUP","additive",5.28,"S4_38028987","4",38028987,0,1,5.93,-1.76094167768663
"WSP.BLUP","additive",5.28,"S4_38029207","4",38029207,0,1,5.81,-1.73084780179865
"WSP.BLUP","additive",5.28,"S4_39543066","4",39543066,0,1,8.11,-2.27879455635407
"WSP.BLUP","additive",5.28,"S4_39599205","4",39599205,0,1,7.63,-2.40176328631157
