"Trait","Model","Threshold","Marker","Chrom","Position","Ref","Alt","Score","Effect"
"Starch.BLUP","general",4.93,"S1_45113462","1",45113462,0,1,5.17,NA
"Starch.BLUP","general",4.93,"S3_140125034","3",140125034,0,1,5.28,NA
"Starch.BLUP","general",4.93,"S4_23190997","4",23190997,0,1,5.51,NA
"Starch.BLUP","general",4.93,"S4_67652853","4",67652853,0,1,5.63,NA
"Starch.BLUP","general",4.93,"S4_71854462","4",71854462,0,1,5.21,NA
"Starch.BLUP","general",4.93,"S4_75695119","4",75695119,0,1,5.86,NA
"Starch.BLUP","general",4.93,"S4_76277210","4",76277210,0,1,5.05,NA
"Starch.BLUP","general",4.93,"S4_77982471","4",77982471,0,1,7.02,NA
"Starch.BLUP","general",4.93,"S4_163994489","4",163994489,0,1,6.84,NA
"Starch.BLUP","general",4.93,"S5_186795813","5",186795813,0,1,5.23,NA
"Starch.BLUP","general",4.93,"S5_212522433","5",212522433,0,1,6.65,NA
"Starch.BLUP","general",4.93,"S8_170287066","8",170287066,0,1,5.14,NA
"Starch.BLUP","general",4.93,"S10_126893460","10",126893460,0,1,5.13,NA
"Starch.BLUP","additive",4.95,"S1_45002844","1",45002844,0,1,5.04,2.1542224218696
"Starch.BLUP","additive",4.95,"S2_235446792","2",235446792,0,1,5.38,0.955537520924224
"Starch.BLUP","additive",4.95,"S3_140125034","3",140125034,0,1,5.75,3.09043101788285
"Starch.BLUP","additive",4.95,"S4_67652853","4",67652853,0,1,6.33,2.95922102935128
"Starch.BLUP","additive",4.95,"S4_71854462","4",71854462,0,1,5.95,2.8835403487675
"Starch.BLUP","additive",4.95,"S4_75695119","4",75695119,0,1,6.7,3.17867514758333
"Starch.BLUP","additive",4.95,"S4_76277210","4",76277210,0,1,5.75,2.67843276023058
"Starch.BLUP","additive",4.95,"S4_77982471","4",77982471,0,1,7.63,2.9081358695781
"Starch.BLUP","additive",4.95,"S4_159193639","4",159193639,0,1,5.36,2.12674035982167
"Starch.BLUP","additive",4.95,"S4_163994489","4",163994489,0,1,6.84,3.66358036481569
"Starch.BLUP","additive",4.95,"S5_186795813","5",186795813,0,1,6.04,2.5037575664864
"Starch.BLUP","additive",4.95,"S5_212522433","5",212522433,0,1,7.51,2.39906677582763
"Starch.BLUP","additive",4.95,"S8_170287066","8",170287066,0,1,5.68,-1.57735383866529
"Starch.BLUP","additive",4.95,"S10_126893460","10",126893460,0,1,5.43,1.64387813116295
