"Trait","Model","Threshold","Marker","Chrom","Position","Ref","Alt","Score","Effect"
"Starch.BLUP","general",5.34,"S4_67652853","4",67652853,0,1,5.59,NA
"Starch.BLUP","general",5.34,"S4_75695119","4",75695119,0,1,6.03,NA
"Starch.BLUP","general",5.34,"S4_77982471","4",77982471,0,1,7.19,NA
"Starch.BLUP","general",5.34,"S4_163994489","4",163994489,0,1,5.48,NA
"Starch.BLUP","general",5.34,"S5_212522433","5",212522433,0,1,6.49,NA
"Starch.BLUP","additive",4.92,"S3_140125034","3",140125034,0,1,5.52,3.08768519546163
"Starch.BLUP","additive",4.92,"S4_35133684","4",35133684,0,1,4.99,2.32496199370755
"Starch.BLUP","additive",4.92,"S4_35577172","4",35577172,0,1,5.5,2.49000866105072
"Starch.BLUP","additive",4.92,"S4_67652853","4",67652853,0,1,6.28,2.87258816103054
"Starch.BLUP","additive",4.92,"S4_71854462","4",71854462,0,1,5.62,2.84099380291815
"Starch.BLUP","additive",4.92,"S4_75695119","4",75695119,0,1,6.86,3.21321670081275
"Starch.BLUP","additive",4.92,"S4_76277210","4",76277210,0,1,5.72,2.6769267679548
"Starch.BLUP","additive",4.92,"S4_77982471","4",77982471,0,1,7.79,3.10100144830386
"Starch.BLUP","additive",4.92,"S4_159193639","4",159193639,0,1,5.19,2.14769565530315
"Starch.BLUP","additive",4.92,"S4_163994489","4",163994489,0,1,5.48,3.18404323765301
"Starch.BLUP","additive",4.92,"S5_186795813","5",186795813,0,1,5.44,2.42554510046583
"Starch.BLUP","additive",4.92,"S5_212522433","5",212522433,0,1,7.33,2.43568177207962
"Starch.BLUP","additive",4.92,"S8_170287066","8",170287066,0,1,5.63,-1.62246444351626
"Starch.BLUP","additive",4.92,"S10_126893460","10",126893460,0,1,5.53,1.68746605609877
