"Trait","Model","Threshold","Marker","Chrom","Position","Ref","Alt","Score","Effect"
"Starch.BLUP","additive",5.2,"S3_140125034","3",140125034,0,1,5.6,3.02885353562554
"Starch.BLUP","additive",5.2,"S4_35577172","4",35577172,0,1,5.39,2.33084431533791
"Starch.BLUP","additive",5.2,"S4_71854462","4",71854462,0,1,5.66,2.64973439555254
"Starch.BLUP","additive",5.2,"S4_77982471","4",77982471,0,1,6.48,2.63357023698487
"Starch.BLUP","additive",5.2,"S4_159193639","4",159193639,0,1,5.41,2.1102803826119
"Starch.BLUP","additive",5.2,"S5_212522433","5",212522433,0,1,6.58,2.2434057245955
"Starch.BLUP","additive",5.2,"S10_126893460","10",126893460,0,1,5.35,1.59999018007173
