"Trait","Model","Threshold","Marker","Chrom","Position","Ref","Alt","Score","Effect"
"Sucrose.BLUP","general",5.17,"S1_174374479","1",174374479,0,1,5.27,NA
"Sucrose.BLUP","general",5.17,"S1_234771064","1",234771064,0,1,5.57,NA
"Sucrose.BLUP","general",5.17,"S2_221319689","2",221319689,0,1,5.56,NA
"Sucrose.BLUP","general",5.17,"S2_222219945","2",222219945,0,1,7.18,NA
"Sucrose.BLUP","general",5.17,"S2_222675583","2",222675583,0,1,5.31,NA
"Sucrose.BLUP","general",5.17,"S4_10804062","4",10804062,0,1,5.25,NA
"Sucrose.BLUP","general",5.17,"S6_82399280","6",82399280,0,1,5.47,NA
"Sucrose.BLUP","general",5.17,"S6_118302337","6",118302337,0,1,5.42,NA
"Sucrose.BLUP","general",5.17,"S8_6804636","8",6804636,0,1,5.61,NA
"Sucrose.BLUP","additive",5.05,"S2_221319689","2",221319689,0,1,6.27,1.20153151582554
"Sucrose.BLUP","additive",5.05,"S2_222219945","2",222219945,0,1,7.31,1.22076949245336
"Sucrose.BLUP","additive",5.05,"S2_222815113","2",222815113,0,1,5.41,0.999164497771949
"Sucrose.BLUP","additive",5.05,"S2_232838742","2",232838742,0,1,5.66,0.812335732429482
"Sucrose.BLUP","additive",5.05,"S6_82399280","6",82399280,0,1,6.24,1.072185242441
"Sucrose.BLUP","additive",5.05,"S6_112368061","6",112368061,0,1,5.5,0.767285558957926
