"Marker","Chrom","Position","Model","R2","pval"
"S1_52091347","1",52091347,"general",0.0467551762356256,6.15038461421808e-05
"S1_192407739","1",192407739,"general",0.0337181981537881,0.00096276345262689
"S1_193869846","1",193869846,"general",0.0241870664283843,0.00702636050873178
"S4_161551639","4",161551639,"general",0.0312807093744533,0.00033370227034717
"S5_20834466","5",20834466,"general",0.048634275540495,4.12447710073786e-05
"S8_144458353","8",144458353,"general",0.0128436939001044,0.0729708912797014
"S9_86864208","9",86864208,"general",0.0155724791715485,0.041658981575126
