"Trait","Model","Threshold","Marker","Chrom","Position","Ref","Alt","Score","Effect"
"Starch.BLUP","general",5.04,"S3_140125034","3",140125034,0,1,5.57,NA
"Starch.BLUP","general",5.04,"S4_23190997","4",23190997,0,1,5.32,NA
"Starch.BLUP","general",5.04,"S4_35133684","4",35133684,0,1,5.18,NA
"Starch.BLUP","general",5.04,"S4_35577172","4",35577172,0,1,5.14,NA
"Starch.BLUP","general",5.04,"S4_67652853","4",67652853,0,1,5.34,NA
"Starch.BLUP","general",5.04,"S4_71854462","4",71854462,0,1,5.15,NA
"Starch.BLUP","general",5.04,"S4_75695119","4",75695119,0,1,6.4,NA
"Starch.BLUP","general",5.04,"S4_76277210","4",76277210,0,1,5.38,NA
"Starch.BLUP","general",5.04,"S4_77982471","4",77982471,0,1,7.16,NA
"Starch.BLUP","general",5.04,"S4_146135080","4",146135080,0,1,5.53,NA
"Starch.BLUP","general",5.04,"S4_163994489","4",163994489,0,1,5.7,NA
"Starch.BLUP","general",5.04,"S5_212522433","5",212522433,0,1,6.27,NA
"Starch.BLUP","additive",4.83,"S3_140125034","3",140125034,0,1,6.07,3.15538441781607
"Starch.BLUP","additive",4.83,"S4_35133684","4",35133684,0,1,5.87,2.486462199882
"Starch.BLUP","additive",4.83,"S4_35577172","4",35577172,0,1,5.48,2.46228572377635
"Starch.BLUP","additive",4.83,"S4_46936174","4",46936174,0,1,5.03,1.85189575792074
"Starch.BLUP","additive",4.83,"S4_54607612","4",54607612,0,1,4.87,2.51042156655782
"Starch.BLUP","additive",4.83,"S4_67652853","4",67652853,0,1,6.14,2.82629850280853
"Starch.BLUP","additive",4.83,"S4_71854462","4",71854462,0,1,5.95,2.84515153015653
"Starch.BLUP","additive",4.83,"S4_75695119","4",75695119,0,1,7.24,3.33036927082418
"Starch.BLUP","additive",4.83,"S4_76277190","4",76277190,0,1,5.4,2.09319060305054
"Starch.BLUP","additive",4.83,"S4_76277210","4",76277210,0,1,6.18,2.79565148274642
"Starch.BLUP","additive",4.83,"S4_77982471","4",77982471,0,1,7.55,3.04958405538494
"Starch.BLUP","additive",4.83,"S4_136967842","4",136967842,0,1,4.87,2.5919093002091
"Starch.BLUP","additive",4.83,"S4_146135080","4",146135080,0,1,5.53,2.65432836328628
"Starch.BLUP","additive",4.83,"S4_159193639","4",159193639,0,1,5.67,2.19532144295789
"Starch.BLUP","additive",4.83,"S4_163994489","4",163994489,0,1,5.7,3.17285922872543
"Starch.BLUP","additive",4.83,"S5_186795813","5",186795813,0,1,5.24,2.31033709631603
"Starch.BLUP","additive",4.83,"S5_212522433","5",212522433,0,1,7.11,2.32757355827462
"Starch.BLUP","additive",4.83,"S8_170287066","8",170287066,0,1,4.94,-1.46844477164899
"Starch.BLUP","additive",4.83,"S10_126893460","10",126893460,0,1,5.09,1.5779460677596
