"","PosSucrOutliers.i.","NIRBase","Samples","Starch","Total.Polysaccharides","WSP","Glucose","Fructose","Sucrose","Total.Sugar","Variety","X.Removed."
"670",670,"14NY0508","14NY0508",19.9083538,10.825717,-12.4558678,12.1535788,7.5358009,-11.4659462,8.8174229,"Check1","Removed"
"2017",2017,"14W32112","14W32112",25.8231163,36.1471024,9.2195435,5.7002177,3.2844825,-4.5517082,-0.3185368,"SC6069","Removed"
