"","Carb","RMSEP","bias","SEE","slope","intercept","R2"
"1","AveFructose",1.42897205202447,-0.00451414394366623,1.43110249214558,0.93,0.341,0.494
"2","AveGlucose",1.23342290812197,0.0152235101970035,1.23517387746717,0.926,0.344,0.516
"3","AveSucrose",4.06075559997974,-0.261737571010077,4.058373423483,0.974,-0.041,0.659
"4","AveTotalSugar",4.98939276638888,-0.00544933065706488,4.99685335462272,0.925,1.474,0.706
"5","Starch.y",3.17835529025816,0.58833705912464,3.12810019717485,1.01,0.434,0.609
"6","Total_Poly",3.43303976876005,-1.54980893661306,3.06789010332501,0.978,1.447,0.612
"7","WSP.y",2.59599892608172,-2.20994586580824,1.36414978415838,1.028,-0.369,0.703
