"","Carb","RMSEP","bias","SEE","slope","intercept","R2"
"1","Starch_WL",3.18310975109132,0.543288818460184,3.14110897020239,1.01,0.434,0.609
"2","Total.Polysaccharides_WL",3.4381752088316,-1.54236826193452,3.0774183519204,0.978,1.447,0.612
"3","WSP_WL",2.59988224751366,-2.15018912883276,1.46372437605498,1.028,-0.369,0.703
"4","Glucose_WL",1.23520197842267,0.0161336306215798,1.23694971819169,0.926,0.348,0.515
"5","Fructose_WL",1.42862940570123,0.0006503841570078,1.43077273861922,0.923,0.383,0.488
"6","Sucrose_WL",4.06404220433284,-0.253515099666544,4.06221307247064,0.973,-0.018,0.658
"7","Total.Sugar_WL",4.99439104573627,0.00432276934912323,5.00188263634468,0.924,1.523,0.705
