"","Carb","RMSEP","bias","SEE","slope","intercept","R2"
"1","Starch_WL",3.18310975109132,0.543288818460184,3.14110897020239,1.01,0.434,0.609
"2","Total.Polysaccharides_WL",3.43825365465151,-1.45672993274422,3.11907899912263,0.981,1.347,0.625
"3","WSP_WL",2.66735650732501,-2.07545801053234,1.67800328017017,1.058,-0.848,0.716
"4","Glucose_WL",1.23520197842267,0.0161336306215798,1.23694971819169,0.926,0.348,0.515
"5","Fructose_WL",1.42862940570123,0.0006503841570078,1.43077273861922,0.923,0.383,0.488
"6","Sucrose_WL",4.06404220433284,-0.253515099666544,4.06221307247064,0.973,-0.018,0.658
"7","Total.Sugar_WL",4.99439104573627,0.00432276934912323,5.00188263634468,0.924,1.523,0.705
