"","Carb","RMSEP","bias","SEE","slope","intercept","R2"
"1","Starch.y",3.40620961541252,-1.66302304143956,3.09402701454765,0.491,9.512,0.322
"2","Total_Poly",2.63086794463742,-1.5564273357381,2.2076948985111,0.941,11.287,0.329
"3","WSP.y",2.31883267658076,-1.14589572357143,2.09822948468528,1.098,4.767,0.626
"4","Ave.Glucose",0.924441509469701,-0.0378830133516486,0.961380984248277,1.652,-2.691,0.635
"5","Ave.Fructose",0.828574685917915,-0.390895946340659,0.760404103126497,1.259,-1.167,0.615
"6","Ave.Sucro",2.1921299606223,-0.281852334527473,2.26270320146669,1.01,-0.554,0.598
"7","Ave.Total",2.53811135681476,-0.148410373736262,2.63723003463978,1.037,-1.125,0.841
