"","Carb","RMSEP","bias","SEE","slope","intercept","R2"
"1","Starch.y",3.40620961541252,-1.66302304143956,3.09402701454765,1.295,-6.58,0.735
"2","Total_Poly",2.63086794463742,-1.5564273357381,2.2076948985111,1.07,-0.3,0.907
"3","WSP.y",2.31883267658076,-1.14589572357143,2.09822948468528,1.218,-0.586,0.915
"4","Ave.Glucose",0.924441509469701,-0.0378830133516486,0.961380984248277,0.65,1.599,0.649
"5","Ave.Fructose",0.828574685917915,-0.390895946340659,0.760404103126497,0.983,-0.297,0.835
"6","Ave.Sucro",2.1921299606223,-0.281852334527473,2.26270320146669,1.021,-0.596,0.94
"7","Ave.Total",2.53811135681476,-0.148410373736262,2.63723003463978,0.978,0.369,0.948
