"","Carb","RMSEP","bias","SEE","slope","intercept","R2"
"1","Starch_WL",2.33137639318258,0.348613850276287,2.30904218229409,1.017,-0.46,0.689
"2","Total.Polysaccharides_WL",3.12893359997513,-2.0730062653344,2.34762965784541,1.032,-0.851,0.698
"3","WSP_WL",2.7269361351619,-2.36049554114602,1.36766896317786,1.086,-1.303,0.699
"4","Glucose_WL",1.19394075680466,0.0331487547959259,1.19548803252131,0.864,0.657,0.531
"5","Fructose_WL",1.45284767664208,-0.00272992865218669,1.4552889236853,0.885,0.579,0.492
"6","Sucrose_WL",3.635800853925,0.31084097380071,3.62858222864701,1.006,0.16,0.729
"7","Total.Sugar_WL",4.35583548299559,0.536732528151742,4.32991156376119,0.914,2.26,0.783
