"","Carb","RMSEP","bias","SEE","slope","intercept","R2"
"1","Starch.y",3.2863269405865,-1.02130263967494,3.20919536379219,0.688,7.604,0.619
"2","Total_Poly",2.90311753065649,-0.571110791121008,2.92438553242228,0.832,12.919,0.291
"3","WSP.y",2.41924428200024,-0.54209028004874,2.42233518486562,1.13,4.23,0.69
"4","Ave.Glucose",1.00359215333823,-0.14638702164411,1.02006516547251,1.681,-2.902,0.66
"5","Ave.Fructose",0.956603769464069,-0.530674261882205,0.817721644810351,1.28,-1.367,0.622
"6","Ave.Sucro",4.40088140860265,-2.44543812872932,3.75916806023534,0.964,-0.648,0.542
"7","Ave.Total",5.01308768742387,-2.64059184571429,4.37802679079674,1.054,-2.36,0.79
