"","Carb","RMSEP","bias","SEE","slope","intercept","R2"
"1","Starch.y",3.28230571477771,-1.79492391620408,2.85178628452972,1.295,-6.58,0.735
"2","Total_Poly",2.53516778604451,-1.80753913591209,1.84470743266359,1.07,-0.3,0.907
"3","WSP.y",2.23448307805699,-1.13280821785714,1.99875427256959,1.218,-0.586,0.915
"4","Ave.Glucose",0.899988055794094,-0.0694331461836732,0.931178143039277,0.648,1.581,0.644
"5","Ave.Fructose",0.85235276520042,-0.442709865316326,0.755858399485678,0.973,-0.292,0.824
"6","Ave.Sucro",2.21107598677594,-0.436294717061225,2.24942822048119,1.024,-0.8,0.937
"7","Ave.Total",2.51044881809796,-0.289110545612246,2.58788236936738,0.981,0.16,0.947
