"","Carb","RMSEP","bias","SEE","slope","intercept","R2"
"1","Starch.y",3.37637996848093,-1.12379896689577,3.27617348822516,1.252,-6.284,0.845
"2","Total_Poly",2.98266972637393,-0.476221968778571,3.02976958933149,1.129,-1.281,0.896
"3","WSP.y",2.48553722142748,-0.414878678914286,2.52171600416099,1.083,1.477,0.867
"4","Ave.Glucose",1.02487791533617,-0.127876029902116,1.04634951763023,0.721,1.147,0.523
"5","Ave.Fructose",0.946943019708649,-0.498140009097884,0.828678503273741,0.995,-0.474,0.778
"6","Ave.Sucro",4.48462823272947,-2.44551548643651,3.86815200629815,1.013,-2.634,0.809
"7","Ave.Total",5.12620224214584,-2.66961290492063,4.50307146534922,0.975,-2.089,0.834
