"","Carb","RMSEP","bias","SEE","slope","intercept","R2"
"1","Starch_WL",2.33923940502709,0.377058062658323,2.31256039084065,1.017,-0.46,0.689
"2","Total.Polysaccharides_WL",3.13938958514102,-2.22392593684817,2.21958649136592,1.035,-0.945,0.688
"3","WSP_WL",2.6618407254467,-2.53456515815844,0.814627189311805,1.047,-0.673,0.677
"4","Glucose_WL",1.19656089910605,0.0377455629798966,1.19799075332792,0.867,0.649,0.53
"5","Fructose_WL",1.45697987574911,-0.0018020514325956,1.45944612763206,0.886,0.573,0.491
"6","Sucrose_WL",3.53547035802295,0.248659541350527,3.53268748187047,0.997,0.207,0.737
"7","Total.Sugar_WL",4.2099538756523,0.495320363711251,4.18779393979094,0.913,2.241,0.794
