"","Carb","RMSEP","bias","SEE","slope","intercept","R2"
"1","Starch.y",3.28230571477771,-1.79492391620408,2.85178628452972,0.491,9.512,0.322
"2","Total_Poly",2.53516778604451,-1.80753913591209,1.84470743266359,0.941,11.287,0.329
"3","WSP.y",2.23448307805699,-1.13280821785714,1.99875427256959,1.098,4.767,0.626
"4","Ave.Glucose",0.899988055794094,-0.0694331461836732,0.931178143039277,1.652,-2.691,0.635
"5","Ave.Fructose",0.85235276520042,-0.442709865316326,0.755858399485678,1.259,-1.167,0.615
"6","Ave.Sucro",2.21107598677594,-0.436294717061225,2.24942822048119,1.01,-0.554,0.598
"7","Ave.Total",2.51044881809796,-0.289110545612246,2.58788236936738,1.037,-1.125,0.841
