"","Carb","RMSEP","bias","SEE","slope","intercept","R2"
"1","Starch.y",3.37637996848093,-1.12379896689577,3.27617348822516,0.688,7.604,0.619
"2","Total_Poly",2.98266972637393,-0.476221968778571,3.02976958933149,0.832,12.919,0.291
"3","WSP.y",2.48553722142748,-0.414878678914286,2.52171600416099,1.13,4.23,0.69
"4","Ave.Glucose",1.02487791533617,-0.127876029902116,1.04634951763023,1.681,-2.902,0.66
"5","Ave.Fructose",0.946943019708649,-0.498140009097884,0.828678503273741,1.28,-1.367,0.622
"6","Ave.Sucro",4.48462823272947,-2.44551548643651,3.86815200629815,0.964,-0.648,0.542
"7","Ave.Total",5.12620224214584,-2.66961290492063,4.50307146534922,1.054,-2.36,0.79
