"","Carb","RMSEP","bias","SEE"
"1","Fructose.Eqn",1.39096581707956,0.100333333333333,1.39577623957983
"2","Glucose.Eqn",1.13441137766617,-0.0214267068273095,1.141103957402
"3","Sucrose.Eqn",4.98689629056672,0.664462851405624,4.97247640339901
"4","TotalSug.Eqn",5.23918820616852,0.510782128514059,5.24592775651396
"5","Starch.Eqn",4.39156549280288,-0.177809236947791,4.41463917577165
"6","TotalPoly.Eqn",5.75129653337046,-0.030933734939758,5.78617544845043
"7","WSP.Eqn",4.93063394549842,0.0578202811244992,4.96026658573289
