"","QTN=0.3","QTN=0.2","QTN=0.1","QTN=0.05","QTN=0.02","QTN=0.01","QTN=0"
"0",0,0,0,0,0,0,0
"0.01",0.0094818828310193,0.0125296308838469,0.0179478496444294,0.0633254317643075,0.254317643074839,0.838807991872672,0.946156451066712
"0.05",0.0494412461903149,0.0670504571622079,0.0951574669827294,0.208262783609888,0.600406366407044,0.938367761598375,0.979004402302743
"0.1",0.0995597697257027,0.131730443616661,0.172367084321029,0.34744327802235,0.789028107009821,0.964442939383678,0.988824923806299
"0.2",0.199458178123942,0.247206230951575,0.317643074839147,0.565865221808331,0.90958347443278,0.985438537080935,0.996613613274636
"0.3",0.299356586522181,0.366068405011852,0.44632577040298,0.737893667456824,0.954961056552658,0.995936335929563,0.999322722654927
"0.4",0.399593633592956,0.486623772434812,0.578056214019641,0.877412800541822,0.982052150355571,0.997629529292245,0.999661361327464
"0.5",0.499492041991195,0.590924483576024,0.692854724009482,0.945140535049103,0.992211310531663,0.999322722654927,0.999661361327464
"0.6",0.599390450389435,0.705722993565865,0.812055536742296,0.980020318320352,0.996613613274636,0.999661361327464,0.999661361327464
"0.7",0.69962749746021,0.802912292583813,0.907213003725025,0.992888587876736,0.999322722654927,0.999661361327464,1
"0.8",0.799525905858449,0.91432441584829,0.98306806637318,0.998306806637318,0.999661361327464,1,1
"0.9",0.899424314256688,0.990856755841517,0.998306806637318,0.999661361327464,1,1,1
"1",0.999661361327464,1,1,1,1,1,1
